"No.","Time","Source","Destination","Protocol","Length","Info"
"1","0.000000","0.0.0.0","255.255.255.255","DHCP","342","DHCP Discover - Transaction ID 0x7caf233c"
"2","0.004135","0.0.0.0","255.255.255.255","DHCP","342","DHCP Request  - Transaction ID 0x7caf233c"
"3","13.929783","192.168.101.25","239.255.255.250","UDP","1139","3702  >  3702 Len=1097"
"4","15.016891","192.168.101.25","239.255.255.250","UDP","1133","3702  >  3702 Len=1091"
"5","16.314987","192.168.101.25","239.255.255.250","UDP","1139","3702  >  3702 Len=1097"
