"No.","Time","Source","Destination","Protocol","Length","Info"
"1","0.000000","0.0.0.0","255.255.255.255","DHCP","342","DHCP Discover - Transaction ID 0x7801ce14"
"2","0.080262","0.0.0.0","255.255.255.255","DHCP","342","DHCP Request  - Transaction ID 0x7801ce14"
"3","14.208343","192.168.31.73","239.255.255.250","UDP","1139","3702  >  3702 Len=1097"
"4","15.228186","192.168.31.73","239.255.255.250","UDP","1133","3702  >  3702 Len=1091"
"5","17.399329","192.168.31.73","239.255.255.250","UDP","1139","3702  >  3702 Len=1097"
